{
  "accuracy": 0.9931818181818182,
  "cv_accuracy_mean": 0.9936363636363638,
  "cv_accuracy_std": 0.003910147848655748
}